resp_result,cnt,max_resp_time,min_resp_time,avg_resp_time
正确,2,0.7270366000011563,0.6108612999960314,0.6689489499985939
