resp_result,cnt,max_resp_time,min_resp_time,avg_resp_time
正确,9,1.09278480001376,0.6304835999908391,0.9070569555559713
错误,1,1.142496199987363,1.142496199987363,1.142496199987363
