resp_result,cnt,max_resp_time,min_resp_time,avg_resp_time
正确,9,1.552835899999991,0.8582827999998699,1.243587033333319
超时,1,,,
