resp_result,cnt,max_resp_time,min_resp_time,avg_resp_time
正确,6,1.0640502000005654,0.5548749999998108,0.7649170000001201
超时,5,,,
退出,1,,,
